rep,gene,mono,supernatant
1,DDX6,-0.11782,-0.54813
2,DDX6,-0.1042,-0.61858
1,EIF2S1,-0.78004,-0.70181
2,EIF2S1,-0.79791,-1.0727
1,EIF3A,-0.98115,-1.4497
2,EIF3A,-0.70853,-1.6012
1,EIF4E,-0.86226,-1.0635
2,EIF4E,-0.67434,-1.0209
1,EIF5A,0.74754,0.24301
2,EIF5A,0.7175,0.31294
1,EIF5B,-0.39569,-0.50836
2,EIF5B,-0.25265,-0.4867
1,SNTB1,0.15086,-0.75091
2,SNTB1,-0.1118,-0.80661
1,XRN1,-0.083771,-0.65477
2,XRN1,-0.034831,-0.66846
