gene,lfc_se,lfc
GCN1,0.06746949156223624,0.598275
GCN2,0.10375236755079777,-0.11657375
ZNF598,0.07547223128796003,0.0705615
GIGYF2,0.14799240014271003,-0.06359000000000001
DDX6,0.10846631028726539,0.078948
NLUC,0.10149783982717728,0.011407500000000004
